<?xml version="1.0" encoding="UTF-8" ?>
<!DOCTYPE mapper
        PUBLIC "-//mybatis.org//DTD Mapper 3.0//EN"
        "http://mybatis.org/dtd/mybatis-3-mapper.dtd">
<mapper namespace="com.msb.redis6.codeplus.codeplus.mapper.ItemtabMapper">
    <select id="selectAll" resultType="com.msb.redis6.codeplus.codeplus.entity.ItemInfo">
        select *
        from itemtab
    </select>
    <update id="decrNumsDB">
        update itemtab
        set nums=nums - 1
        where nums > 0
          and itemid = #{itemID}
    </update>

    <update id="decrNumsRedis">
        update itemtab
        set nums=nums - 1
        where itemid = #{itemID}
    </update>

    <update id="resetData">
        update itemtab
        set nums=#{num}
        where itemid = #{itemID}
    </update>

    <insert id="insertVal">
        insert into itemtab (itemid, nums)
        values (#{itemID}, #{num})
    </insert>

    <delete id="delByItemID">
        delete
        from itemtab
        where itemid = #{itemID}
    </delete>
    <delete id="delAll">
        delete
        from itemtab
    </delete>


</mapper>