{
  "collapse-filter": true,
  "search": "",
  "showTags": false,
  "showAttachments": false,
  "hideUnresolved": false,
  "showOrphans": true,
  "collapse-color-groups": false,
  "colorGroups": [
    {
      "query": "path:Coding",
      "color": {
        "a": 1,
        "rgb": 2731463
      }
    },
    {
      "query": "path:AI",
      "color": {
        "a": 1,
        "rgb": 14725458
      }
    },
    {
      "query": "path:\"Cyber Security\"",
      "color": {
        "a": 1,
        "rgb": 11657298
      }
    },
    {
      "query": "path:\"Reading Notes\"",
      "color": {
        "a": 1,
        "rgb": 5431378
      }
    }
  ],
  "collapse-display": true,
  "showArrow": false,
  "textFadeMultiplier": 0,
  "nodeSizeMultiplier": 1,
  "lineSizeMultiplier": 1,
  "collapse-forces": true,
  "centerStrength": 0.60879742514386,
  "repelStrength": 10,
  "linkStrength": 1,
  "linkDistance": 250,
  "scale": 0.8897383983458239,
  "close": false
}