{
  "main": {
    "id": "d574f48e9c26e876",
    "type": "split",
    "children": [
      {
        "id": "3be50e025b9d367b",
        "type": "tabs",
        "children": [
          {
            "id": "a3e6419c4a5d2f9e",
            "type": "leaf",
            "pinned": true,
            "state": {
              "type": "markdown",
              "state": {
                "file": "Day3/时间安排.md",
                "mode": "source",
                "backlinks": false,
                "source": false
              },
              "pinned": true
            }
          },
          {
            "id": "e4d2d3ad37c6808e",
            "type": "leaf",
            "state": {
              "type": "markdown",
              "state": {
                "file": "Go/Golang 回顾.md",
                "mode": "source",
                "backlinks": false,
                "source": false
              }
            }
          },
          {
            "id": "6ffbde99c4208b62",
            "type": "leaf",
            "state": {
              "type": "markdown",
              "state": {
                "file": "Challenge/表达能力训练/训练原则.md",
                "mode": "source",
                "backlinks": false,
                "source": false
              }
            }
          },
          {
            "id": "d5cc8d35895b76f5",
            "type": "leaf",
            "state": {
              "type": "markdown",
              "state": {
                "file": "Challenge/表达能力训练/写作训练 800 字/03 某一天的工作复盘.md",
                "mode": "source",
                "backlinks": false,
                "source": false
              }
            }
          }
        ],
        "currentTab": 1
      }
    ],
    "direction": "vertical"
  },
  "left": {
    "id": "9109525faff37552",
    "type": "split",
    "children": [
      {
        "id": "c0dc2db21f59bd0f",
        "type": "tabs",
        "children": [
          {
            "id": "697acbfa6887713c",
            "type": "leaf",
            "state": {
              "type": "file-explorer",
              "state": {
                "sortOrder": "alphabetical"
              }
            }
          },
          {
            "id": "5794a320267150b5",
            "type": "leaf",
            "state": {
              "type": "search",
              "state": {
                "query": "",
                "matchingCase": false,
                "explainSearch": false,
                "collapseAll": false,
                "extraContext": false,
                "sortOrder": "alphabetical"
              }
            }
          },
          {
            "id": "5ecba1e7f0e057ac",
            "type": "leaf",
            "state": {
              "type": "backlink",
              "state": {
                "file": "Go/Golang 回顾.md",
                "collapseAll": false,
                "extraContext": false,
                "sortOrder": "alphabetical",
                "showSearch": false,
                "searchQuery": "",
                "backlinkCollapsed": false,
                "unlinkedCollapsed": true
              }
            }
          },
          {
            "id": "33627034220094ce",
            "type": "leaf",
            "state": {
              "type": "tag",
              "state": {
                "sortOrder": "frequency",
                "useHierarchy": false
              }
            }
          },
          {
            "id": "dd033378146af3f6",
            "type": "leaf",
            "state": {
              "type": "recent-files",
              "state": {}
            }
          },
          {
            "id": "ed28cc0f70c03a7a",
            "type": "leaf",
            "state": {
              "type": "bookmarks",
              "state": {}
            }
          },
          {
            "id": "51d25be41296f270",
            "type": "leaf",
            "state": {
              "type": "file-tree-view",
              "state": {}
            }
          }
        ]
      }
    ],
    "direction": "horizontal",
    "width": 306.51103591918945
  },
  "right": {
    "id": "fcdcb99473c1ab05",
    "type": "split",
    "children": [
      {
        "id": "a179f5a3e4feae61",
        "type": "tabs",
        "children": [
          {
            "id": "6a020e4dd0b166fe",
            "type": "leaf",
            "state": {
              "type": "outline",
              "state": {
                "file": "Go/Golang 回顾.md"
              }
            }
          },
          {
            "id": "6e89884ae49250e2",
            "type": "leaf",
            "state": {
              "type": "reminder-list",
              "state": {}
            }
          },
          {
            "id": "0786267144a6a41f",
            "type": "leaf",
            "state": {
              "type": "backlink",
              "state": {
                "file": "Go/Golang 回顾.md",
                "collapseAll": true,
                "extraContext": false,
                "sortOrder": "alphabetical",
                "showSearch": true,
                "searchQuery": "",
                "backlinkCollapsed": false,
                "unlinkedCollapsed": false
              }
            }
          },
          {
            "id": "590962806c8ec8c4",
            "type": "leaf",
            "state": {
              "type": "calendar",
              "state": {}
            }
          },
          {
            "id": "7732bbfb2e4df86f",
            "type": "leaf",
            "state": {
              "type": "outgoing-link",
              "state": {
                "file": "Go/Golang 回顾.md",
                "linksCollapsed": false,
                "unlinkedCollapsed": true
              }
            }
          },
          {
            "id": "1d9133ca19ac2c35",
            "type": "leaf",
            "state": {
              "type": "todo",
              "state": {}
            }
          }
        ]
      }
    ],
    "direction": "horizontal",
    "width": 336.5
  },
  "left-ribbon": {
    "hiddenItems": {
      "workbench-obsidian:Workbench": false,
      "switcher:打开快速切换": false,
      "graph:查看关系图谱": false,
      "canvas:新建白板": false,
      "daily-notes:打开/创建今天的日记": false,
      "templates:插入模板": false,
      "command-palette:打开命令面板": false,
      "markdown-importer:打开 Markdown 格式转换器": false,
      "workspaces:管理工作区布局": false,
      "table-editor-obsidian:Advanced Tables Toolbar": false,
      "obsidian-excalidraw-plugin:新建 Excalidraw 绘图": false,
      "obsidian-hypothesis-plugin:Sync your hypothesis highlights": false,
      "random-note:开始漫游笔记": false,
      "templater-obsidian:Templater": false,
      "audio-recorder:开始/结束录音": false,
      "file-tree-alternative:File Tree Alternative Plugin": false,
      "obsidian-statusbar-pomo:Start pomodoro": false,
      "periodic-notes:Open today": false
    }
  },
  "active": "e4d2d3ad37c6808e",
  "lastOpenFiles": [
    "Go/Golang 回顾.md",
    "Go",
    "Coding/Go/Database/MySQL/MySQL-进阶篇.pdf",
    "Coding/Go/Database/MySQL/MySQL.md",
    "Day3/Day3-202302.md",
    "Challenge/表达能力训练/写作训练 800 字/03 某一天的工作复盘.md",
    "Challenge/表达能力训练/训练原则.md",
    "Day3/时间安排.md",
    "Life/重症肌无力/资料搜集.md",
    "Life/重症肌无力/北京地区医院.md",
    "Challenge/表达能力训练/写作方法总结/议论文写作.md",
    "Tasks/实习/第一份寒假实习.md",
    "Life/重症肌无力",
    "Eassay/随想.md",
    "Challenge/马拉松比赛/马拉松比赛备赛.md",
    "Challenge/Habit Challenge/费曼学习法.md",
    "Challenge/Habit Challenge/每天阅读并反馈自己的原则.md",
    "Challenge/Habit Challenge/Algorithm —— 每天至少 2 个小时.md",
    "Master's degree/秋招.md",
    "Master's degree/如何开组会.md",
    "Algorithm/算法总结.md",
    "Algorithm/Algorithm index.md",
    "Algorithm/Raft 一致性算法.md",
    "AI/PyTorch/7. Github 项目.md",
    "AI/PyTorch/8. Data Set.md",
    "AI/Python 机器学习笔记/1. Python 基本操作(Numpy 需要补充).md",
    "AI/Python 机器学习笔记/3. matplotlib.md",
    "AI/Python 机器学习笔记/2. Pandas.md",
    "AI/Python 机器学习笔记/4. 机器学习.md",
    "Paper_Backup/A comprehensive review study of cyber-attacks and cyber security.pdf",
    "Share",
    "Course/所长林超/Snipaste/Pasted image 20230810201854 1.png",
    "Course/所长林超/Snipaste/Pasted image 20230810201854.png",
    "Course/所长林超/Snipaste/Pasted image 20230810203238.png",
    "Course/所长林超/Snipaste/Pasted image 20230810203205.png",
    "Course/所长林超/Snipaste/Pasted image 20230810202919.png",
    "Course/所长林超/Snipaste/Pasted image 20230810202910.png",
    "Course/所长林超/Snipaste/Pasted image 20230810202415.png",
    "Course/所长林超/Snipaste/Pasted image 20230810202401.png",
    "Course/所长林超/Snipaste/Pasted image 20230810201651.png",
    "Course/所长林超/Snipaste/Pasted image 20230810201622.png",
    "Course/所长林超/Snipaste",
    "Course/所长林超",
    "Course",
    "AI/未命名",
    "Challenge/表达能力训练/写作方法总结/Snipaste",
    "AI/未命名.canvas",
    "Cyber Security/Red Team/基础设施构建/Hacker Tools/未命名.canvas",
    "未命名.canvas",
    "未命名 1.canvas"
  ]
}